Workbook

Sheet READ ME
B2: 海外移住・留学診断サイト マスタデータ v0.1
B4: 構成
B6: ・重み付けマトリクス:目的セグメント×評価軸の重み(%)。診断ロジックの心臓部。
B7: ・国マスタ_評価スコア:18カ国×10評価軸のスコア(1-5点)。黄色セルは初期ドラフト値のため要検証。
B8: ・スコア計算シミュレーション:重み×国スコアの内積で各セグメントの国別マッチ度を自動計算(SUMPRODUCT)。
B10: 重要な注記
B12: ・国マスタのスコアはビザ制度・税制の一次情報未確認の初期ドラフト値です。公開launch前に必ず現地専門家/一次情報での検証が必要です。
B13: ・ビザ制度は法改正頻度が高いため「最終更新日」列を必ず運用で更新してください。
B14: ・香港・中国・インドネシア(バリ)は制度変更/情勢リスクが高いため『制度安定性』軸のスコアを保守的に設定しています。

Sheet 重み付けマトリクス
A1: セグメント×評価軸 重み付け(%)
A3: 目的セグメント | B3: 教育水準 | C3: 税制優遇 | D3: 生活費の安さ | E3: 治安 | F3: 気候 | G3: ビザ取得易しさ | H3: 就労機会 | I3: 英語通用度 | J3: 日本人少なさ(語学向上度) | K3: 制度安定性 | L3: 合計チェック
A4: 富裕層移住 | B4: 0.05 | C4: 0.35 | D4: 0.05 | E4: 0.15 | F4: 0.05 | G4: 0.1 | H4: 0 | I4: 0.05 | J4: 0 | K4: 0.2 | L4: =SUM(B4:K4) -> 1
A5: 早期リタイア | B5: 0 | C5: 0.1 | D5: 0.25 | E5: 0.2 | F5: 0.2 | G5: 0.1 | H5: 0 | I5: 0.05 | J5: 0 | K5: 0.1 | L5: =SUM(B5:K5) -> 1
A6: 語学留学 | B6: 0.05 | C6: 0 | D6: 0.2 | E6: 0.15 | F6: 0.05 | G6: 0.05 | H6: 0 | I6: 0.15 | J6: 0.25 | K6: 0.1 | L6: =SUM(B6:K6) -> 1
A7: ワーホリ | B7: 0 | C7: 0 | D7: 0.2 | E7: 0.15 | F7: 0.05 | G7: 0.2 | H7: 0.25 | I7: 0.1 | J7: 0.05 | K7: 0 | L7: =SUM(B7:K7) -> 1
A8: 海外就職 | B8: 0 | C8: 0.05 | D8: 0.1 | E8: 0.15 | F8: 0 | G8: 0.1 | H8: 0.35 | I8: 0.2 | J8: 0 | K8: 0.05 | L8: =SUM(B8:K8) -> 1
A9: 教育移住・母子留学 | B9: 0.35 | C9: 0.05 | D9: 0.15 | E9: 0.2 | F9: 0.05 | G9: 0.05 | H9: 0 | I9: 0.05 | J9: 0 | K9: 0.1 | L9: =SUM(B9:K9) -> 1
A10: 起業・ビジネス移住 | B10: 0 | C10: 0.2 | D10: 0.1 | E10: 0.1 | F10: 0 | G10: 0.15 | H10: 0.1 | I10: 0.1 | J10: 0 | K10: 0.25 | L10: =SUM(B10:K10) -> 1
A12: ※黄色セル=編集可能な重み入力欄。各行の合計は100%になるよう設計。

Sheet 国マスタ_評価スコア
A1: 国マスタ:評価スコア(1-5点、初期ドラフト)
A3: 国・地域 | B3: 地域区分 | C3: 教育水準 | D3: 税制優遇 | E3: 生活費の安さ | F3: 治安 | G3: 気候 | H3: ビザ取得易しさ | I3: 就労機会 | J3: 英語通用度 | K3: 日本人少なさ(語学向上度) | L3: 制度安定性 | M3: 備考(要検証事項) | N3: 最終更新日
A4: マレーシア | B4: アジア | C4: 4 | D4: 3 | E4: 4 | F4: 4 | G4: 4 | H4: 3 | I4: 3 | J4: 3 | K4: 3 | L4: 3 | M4: MM2H再構築中、要最新確認 | N4: 2026-08-15(ドラフト作成日)
A5: シンガポール | B5: アジア | C5: 5 | D5: 4 | E5: 2 | F5: 5 | G5: 4 | H5: 2 | I5: 4 | J5: 5 | K5: 2 | L5: 5 | M5: 生活費最高水準 | N5: 2026-08-15(ドラフト作成日)
A6: タイ | B6: アジア | C6: 3 | D6: 3 | E6: 5 | F6: 3 | G6: 4 | H6: 3 | I6: 2 | J6: 2 | K6: 2 | L6: 3 | M6: リタイア/エリートビザ人気 | N6: 2026-08-15(ドラフト作成日)
A7: フィリピン | B7: アジア | C7: 2 | D7: 2 | E7: 5 | F7: 2 | G7: 4 | H7: 4 | I7: 2 | J7: 4 | K7: 4 | L7: 3 | M7: 語学留学の入門国として最安クラス | N7: 2026-08-15(ドラフト作成日)
A8: 韓国 | B8: アジア | C8: 3 | D8: 2 | E8: 4 | F8: 4 | G8: 3 | H8: 3 | I8: 3 | J8: 3 | K8: 2 | L8: 5 | M8: 若年層の語学・ワーホリ実需高い | N8: 2026-08-15(ドラフト作成日)
A9: 台湾 | B9: アジア | C9: 3 | D9: 2 | E9: 4 | F9: 5 | G9: 4 | H9: 3 | I9: 3 | J9: 3 | K9: 3 | L9: 5 | M9: 親日・生活コスト安・医療水準高い | N9: 2026-08-15(ドラフト作成日)
A10: 香港 | B10: アジア | C10: 4 | D10: 4 | E10: 2 | F10: 3 | G10: 4 | H10: 3 | I10: 4 | J10: 4 | K10: 2 | L10: 2 | M10: 情勢リスクにより制度安定性を保守的に設定 | N10: 2026-08-15(ドラフト作成日)
A11: 中国 | B11: アジア | C11: 2 | D11: 2 | E11: 3 | F11: 2 | G11: 3 | H11: 1 | I11: 3 | J11: 1 | K11: 2 | L11: 2 | M11: 駐在・就職セグメント限定での掲載を想定 | N11: 2026-08-15(ドラフト作成日)
A12: インドネシア(バリ) | B12: アジア | C12: 2 | D12: 2 | E12: 5 | F12: 3 | G12: 5 | H12: 2 | I12: 2 | J12: 3 | K12: 3 | L12: 2 | M12: ビザ制度変更頻度高く要更新運用 | N12: 2026-08-15(ドラフト作成日)
A13: オーストラリア | B13: オセアニア | C13: 4 | D13: 2 | E13: 3 | F13: 4 | G13: 4 | H13: 3 | I13: 4 | J13: 5 | K13: 3 | L13: 4 | M13: ワーホリ/技能移住の2大人気国 | N13: 2026-08-15(ドラフト作成日)
A14: ニュージーランド | B14: オセアニア | C14: 4 | D14: 2 | E14: 3 | F14: 5 | G14: 3 | H14: 3 | I14: 3 | J14: 5 | K14: 3 | L14: 4 | M14: 治安・自然環境評価高い | N14: 2026-08-15(ドラフト作成日)
A15: カナダ | B15: 北米 | C15: 4 | D15: 2 | E15: 2 | F15: 4 | G15: 2 | H15: 3 | I15: 4 | J15: 5 | K15: 3 | L15: 5 | M15: 永住権への接続しやすさが強み | N15: 2026-08-15(ドラフト作成日)
... A21: ポルトガル | B21: ヨーロッパ | C21: 3 | D21: 4 | E21: 3 | F21: 4 | G21: 4 | H21: 3 | I21: 2 | J21: 3 | K21: 4 | L21: 3 | M21: 中間層富裕層向けEU圏の入口 | N21: 2026-08-15(ドラフト作成日)

Sheet スコア計算シミュレーション
A1: セグメント別・国マッチ度シミュレーション(SUMPRODUCTで自動計算)
A3: 対象セグメント選択: | B3: 富裕層移住 | D3: ※B3に「重み付けマトリクス」シートのセグメント名を入力してください
A5: 国・地域 | B5: 総合マッチ度スコア
A6: =国マスタ_評価スコア!A4 -> マレーシア | B6: =SUMPRODUCT(国マスタ_評価スコア!C4:L4,OFFSET(重み付けマトリクス!$B$3,MATCH($B$3,重み付けマトリクス!$A$4:$A$10,0),0,1,10)) -> 3.3
A7: =国マスタ_評価スコア!A5 -> シンガポール | B7: =SUMPRODUCT(国マスタ_評価スコア!C5:L5,OFFSET(重み付けマトリクス!$B$3,MATCH($B$3,重み付けマトリクス!$A$4:$A$10,0),0,1,10)) -> 4.15
A8: =国マスタ_評価スコア!A6 -> タイ | B8: =SUMPRODUCT(国マスタ_評価スコア!C6:L6,OFFSET(重み付けマトリクス!$B$3,MATCH($B$3,重み付けマトリクス!$A$4:$A$10,0),0,1,10)) -> 3.1
A9: =国マスタ_評価スコア!A7 -> フィリピン | B9: =SUMPRODUCT(国マスタ_評価スコア!C7:L7,OFFSET(重み付けマトリクス!$B$3,MATCH($B$3,重み付けマトリクス!$A$4:$A$10,0),0,1,10)) -> 2.75
A10: =国マスタ_評価スコア!A8 -> 韓国 | B10: =SUMPRODUCT(国マスタ_評価スコア!C8:L8,OFFSET(重み付けマトリクス!$B$3,MATCH($B$3,重み付けマトリクス!$A$4:$A$10,0),0,1,10)) -> 3.25
A11: =国マスタ_評価スコア!A9 -> 台湾 | B11: =SUMPRODUCT(国マスタ_評価スコア!C9:L9,OFFSET(重み付けマトリクス!$B$3,MATCH($B$3,重み付けマトリクス!$A$4:$A$10,0),0,1,10)) -> 3.45
A12: =国マスタ_評価スコア!A10 -> 香港 | B12: =SUMPRODUCT(国マスタ_評価スコア!C10:L10,OFFSET(重み付けマトリクス!$B$3,MATCH($B$3,重み付けマトリクス!$A$4:$A$10,0),0,1,10)) -> 3.25
A13: =国マスタ_評価スコア!A11 -> 中国 | B13: =SUMPRODUCT(国マスタ_評価スコア!C11:L11,OFFSET(重み付けマトリクス!$B$3,MATCH($B$3,重み付けマトリクス!$A$4:$A$10,0),0,1,10)) -> 1.95
A14: =国マスタ_評価スコア!A12 -> インドネシア(バリ) | B14: =SUMPRODUCT(国マスタ_評価スコア!C12:L12,OFFSET(重み付けマトリクス!$B$3,MATCH($B$3,重み付けマトリクス!$A$4:$A$10,0),0,1,10)) -> 2.5
A15: =国マスタ_評価スコア!A13 -> オーストラリア | B15: =SUMPRODUCT(国マスタ_評価スコア!C13:L13,OFFSET(重み付けマトリクス!$B$3,MATCH($B$3,重み付けマトリクス!$A$4:$A$10,0),0,1,10)) -> 3.2
A16: =国マスタ_評価スコア!A14 -> ニュージーランド | B16: =SUMPRODUCT(国マスタ_評価スコア!C14:L14,OFFSET(重み付けマトリクス!$B$3,MATCH($B$3,重み付けマトリクス!$A$4:$A$10,0),0,1,10)) -> 3.3
A17: =国マスタ_評価スコア!A15 -> カナダ | B17: =SUMPRODUCT(国マスタ_評価スコア!C15:L15,OFFSET(重み付けマトリクス!$B$3,MATCH($B$3,重み付けマトリクス!$A$4:$A$10,0),0,1,10)) -> 3.25
... A23: =国マスタ_評価スコア!A21 -> ポルトガル | B23: =SUMPRODUCT(国マスタ_評価スコア!C21:L21,OFFSET(重み付けマトリクス!$B$3,MATCH($B$3,重み付けマトリクス!$A$4:$A$10,0),0,1,10)) -> 3.55
